group,id,name,rakeback_pct
sa,9583-9412,,80
sa,4698-9934,Arielaaa,80
sa,8282-7963,Honey2025,0
sa,5972-2561,kLnAGENTU,80
sa,6061-4281,Orcajucausa,80
sa,1383-9092,PinkFLOlD,80
owner,2671-5435,CopilulNorocos,
copil_member,3842-8397,acelasi77,0
copil_member,2707-6506,AndreasCR7,0
copil_member,1425-5428,Ascunde-le!,60
copil_member,3548-5179,Badnews666,0
copil_member,5469-6077,Chelieptm,70
copil_member,8958-5595,ChipKiller77,60
copil_member,2861-6381,ChrOma,50
copil_member,6173-4521,cozoi,50
copil_member,1352-5263,CristianDumitra,0
copil_member,6879-3215,Darvin1993,60
copil_member,3785-9610,DelayPrince,50
copil_member,2149-5565,Doru Tascky,0
copil_member,8407-2092,Elythar69,60
copil_member,9790-5912,GGALLPkR,70
copil_member,7687-5189,GiversTakers,60
copil_member,2352-3444,Govedarica,50
copil_member,1400-2797,Hayanski@,0
copil_member,4648-9068,idrinkmoet,0
copil_member,7834-4366,Ins3rtCOin,70
copil_member,7202-7471,iulian1112,0
copil_member,1409-8482,KingTwoSuited,60
copil_member,4219-1849,Legends Boss,50
copil_member,9814-1348,LorenBoss,0
copil_member,7184-8851,Lupu66,50
copil_member,2314-3592,matt888,60
copil_member,5930-7158,meatba11999,60
copil_member,5398-8901,Meeeeesil,50
copil_member,7468-8520,Mi6a,50
copil_member,4038-7377,Montana811,70
copil_member,6536-7557,MrJuveLaButoane,0
copil_member,2562-4159,muflender,60
copil_member,3094-4991,Muthy,0
copil_member,8839-4897,Paladin9,100
copil_member,4197-8992,Paulinh00909,50
copil_member,5844-4175,PsychedelicLine,0
copil_member,9736-1270,RegeFaraCoroana,0
copil_member,2879-4440,Robertis,50
copil_member,2002-4870,SalutSuntEu,100
copil_member,7155-8836,SGfaceit,0
copil_member,6506-3317,SkyBri777,100
copil_member,9590-0660,Sparkle-z3n,0
copil_member,4715-1001,spike088,80
copil_member,8920-6033,ssRMN,50
copil_member,1837-9986,suckmyduck12345,50
copil_member,5814-3180,tata-vieru-,50
copil_member,1426-8242,ThEkinG0fClubs@,80
copil_member,4169-5071,white7shark,0
sa,7919-4380,Terremoto89,80
sa,4472-5253,Luzny_Benek,70
copil_member,9755-3611,Manea12,80
